{"cameraMode":{"drawMode":0,"name":"Shaded","section":"Shading Mode"},"sceneLighting":true,"audioPlay":false,"sceneViewState":{"showFog":true,"showMaterialUpdate":false,"showSkybox":true,"showFlares":true,"showImageEffects":true,"showParticleSystems":true},"in2DMode":false,"pivot":{"x":715.59375,"y":499.71002197265627,"z":-734.0514526367188},"rotation":{"x":0.025187719613313676,"y":-0.0009025309118442237,"z":-0.000022770434952690266,"w":-0.9996850490570068},"size":229.32273864746095,"orthographic":false}